Depth_m,Velocity_m_per_s,Density_gcc,Porosity_fraction
69.99,1447.14,1.937,0.339
71.81,1599.66,1.964,0.333
77.46,1772.32,1.893,0.361
86.33,1713.25,1.871,0.342
92.81,1746.87,1.862,0.332
94.85,1495.56,1.816,0.372
98.01,1440.05,2.018,0.373
106.85,1549.02,1.861,0.333
107.45,1571.16,1.905,0.307
111.05,1697.94,1.903,0.365
115.52,1366.22,1.933,0.331
121.54,1756.47,1.959,0.36
121.98,1554.22,1.961,0.304
129.28,1526.34,1.89,0.361
131.31,1457.33,1.911,0.319
141.92,1386.57,1.935,0.358
146.05,1686.41,1.909,0.343
150.14,1598.88,2.003,0.323
150.41,1435.45,1.947,0.334
154.15,1437.08,1.96,0.356
154.72,1552.54,1.956,0.344
163.69,1798.5,1.983,0.354
170.48,1571.13,1.935,0.381
174.15,1424.11,1.861,0.31
182.45,1579.98,1.947,0.373
185.83,1578.77,1.895,0.343
191.97,1291.56,1.902,0.322
194.9,1610.42,1.959,0.314
195.7,1589.71,1.991,0.336
197.53,1702.06,1.931,0.359
205.28,1845.04,1.946,0.337
210.88,1761.72,2.017,0.37
211.06,1594.37,1.944,0.31
211.43,1494.08,2.062,0.339
220.48,1941.09,1.961,0.314
228.61,1644.27,1.846,0.346
228.65,1638.86,1.972,0.356
228.95,1634.48,1.953,0.33
229.51,1661.48,1.999,0.286
231.71,1621.7,1.968,0.342
233.48,1571.25,1.928,0.347
253.34,1586.38,1.877,0.345
254.14,1648.56,1.928,0.362
254.7,1587.61,1.896,0.316
272.4,1577.9,1.912,0.35
272.68,1676.38,1.97,0.36
277.36,1635.82,2.025,0.301
279.43,1848.14,1.962,0.342
291.26,1356.64,1.884,0.325
300.33,1811.18,1.967,0.333
301.06,1830.16,2.005,0.342
306.95,1435.37,1.916,0.325
312.66,1646.47,1.94,0.321
323.98,1649.81,1.949,0.334
328.75,1528.35,1.91,0.312
331.2,1605.38,1.982,0.312
337.41,1569.18,1.945,0.347
341.5,1915.17,1.972,0.31
342.48,1817.77,1.907,0.346
344.48,1859.27,1.93,0.342
349.66,1796.4,1.989,0.298
354.07,1576.96,1.934,0.319
357.05,1651.29,2.04,0.356
359.9,1774.67,1.934,0.312
366.92,1573.5,1.966,0.322
371.33,1808.36,2.002,0.341
372.95,1694.93,1.885,0.347
379.83,1682.92,1.869,0.326
382.22,1814.65,1.881,0.319
382.35,1782.72,2.02,0.359
385.11,1687.75,1.93,0.366
387.12,1871.39,2.086,0.35
393.34,1606.27,1.931,0.332
399.55,1813.64,1.969,0.314
400.38,1811.4,2.037,0.313
406.64,1706.84,2.061,0.34
410.26,1785.29,2.065,0.338
410.58,1596.22,2.022,0.358
417.76,1861.54,2.014,0.342
420.02,1729.82,1.993,0.299
421.23,1690.01,2.002,0.35
423.05,1879.71,1.936,0.309
433.85,1675.79,1.924,0.321
435.8,1592.47,1.965,0.333
436.44,1575.07,1.957,0.368
448.07,1841.57,1.945,0.39
449.43,1616.01,2.002,0.34
450.81,1981.06,2.015,0.324
452.04,1521.39,1.972,0.338
457.34,1977.98,2.042,0.345
473.33,1809.32,1.914,0.32
476.17,1774.1,1.962,0.362
484.71,1725.43,1.937,0.33
487,1840.09,1.88,0.336
489.23,1789.02,1.969,0.339
492.55,1927.93,1.968,0.334
498.22,1812.64,2.05,0.342
498.55,1817.17,2.006,0.313
503.61,1758.53,1.924,0.314
507.68,1797.78,2.069,0.303
508.49,1842.03,2.037,0.333
511.75,1601.83,2.006,0.34
512.41,1645.67,1.966,0.334
514.23,1897.73,1.929,0.358
516.75,1830.55,1.959,0.324
519.33,1789.52,2.032,0.337
522.4,1815.65,2.073,0.302
523.06,1855.55,2.056,0.316
523.47,1749.31,1.954,0.338
526.51,1722.51,1.923,0.341
532.05,1842.73,1.987,0.318
540.97,1707.18,1.893,0.322
551.89,1880.12,1.999,0.292
553.58,1627.84,1.976,0.315
553.94,1955.86,1.96,0.34
555.78,1890.18,1.904,0.334
559.07,1866.17,2.01,0.332
560.18,1954.03,1.957,0.323
579.36,2047.47,1.928,0.321
580.94,1970.29,1.844,0.308
588.67,1632.3,1.987,0.335
593.21,1702.38,2.078,0.329
598.37,1784.04,2.073,0.33
600.12,1863.21,1.967,0.309
601,1922.72,1.96,0.277
602.1,1774.17,2.014,0.342
603.33,1884.41,1.941,0.31
606.65,1773.34,2.006,0.302
614.82,1795.51,2.031,0.333
622.33,1704.6,2.055,0.311
630.94,1767.78,1.99,0.34
642.17,1723.1,1.986,0.33
644.15,1769.38,1.953,0.331
649.12,2015.91,1.956,0.29
650.02,1776.08,1.986,0.342
653.79,2208.16,2.016,0.323
655.74,1952.64,2.044,0.31
659.73,1918.02,1.959,0.32
666.18,1796.7,2.075,0.281
666.27,1983.8,1.986,0.325
667.93,1831.68,1.999,0.296
684.69,1925.46,1.965,0.289
685.19,2218.33,1.882,0.285
686.82,1900.57,2.047,0.338
688.43,2050.97,2.04,0.303
692.34,1831.02,1.99,0.346
693.59,1911.96,2.007,0.305
696.44,2130.36,2.03,0.281
698.85,1844.07,1.927,0.293
717.29,2147.87,1.981,0.339
719.5,2016.63,2.048,0.311
723.57,1866.65,1.946,0.303
725.01,2010.89,2.023,0.317
730.66,2055.1,1.942,0.324
734.15,2015.11,2.033,0.336
734.51,1752.28,2.008,0.342
734.83,1853.64,1.929,0.306
738.75,1913.55,2.069,0.287
749.19,1940.58,1.976,0.304
749.59,2024.23,1.972,0.318
750.89,1971.86,2.023,0.293
765.87,1799.28,2.072,0.293
767.31,2006.01,1.964,0.319
768.21,2034.2,2.018,0.311
768.43,2028.23,2.037,0.312
774.45,2094.36,2.051,0.296
778.86,2067.39,2.026,0.306
780.18,2023.21,1.999,0.293
786.75,1963.63,1.977,0.328
786.94,1772.85,2.022,0.331
786.95,2023.73,1.964,0.274
788.82,1998.22,1.872,0.292
793.08,2008.44,2.041,0.28
809.54,1832.52,2.067,0.297
821.21,1863,1.905,0.307
823.37,2120.4,1.973,0.28
824.13,1989.73,2.055,0.29
834.93,2082.74,2.128,0.288
838.71,2006.63,2.027,0.312
846.43,2011.43,1.991,0.309
865.02,2131.6,2.021,0.292
876.93,1964.23,2.1,0.31
885.22,2042.67,2,0.295
888.74,1977.77,1.993,0.3
891.21,1982.59,2.01,0.339
902.49,2004.4,1.988,0.332
927.33,2083.05,2.045,0.278
933.2,2002.47,2.121,0.32
935.86,2212.21,2.057,0.319
944.66,1959.44,2.029,0.28
950.34,2047.78,2.028,0.319
953.14,2019.12,1.965,0.333
953.75,2245.89,2.087,0.28
955.54,2096.91,2.039,0.284
967.24,2204.17,2.036,0.322
987.05,1913.96,2.208,0.306
987.13,2124.33,2.063,0.312
988.67,2199.96,2.011,0.307
996.27,2107.64,2.028,0.308
998.58,2227,2.107,0.274
1005.32,2041.12,2.056,0.321
1006.12,2272.79,1.979,0.323
1007.52,2380.38,2.097,0.295
1007.76,2061.11,2.018,0.299
1013.76,2054.8,2.146,0.269
1021.53,2287.33,2.107,0.309
1027.03,2305.76,2.032,0.31
1028.54,2054.38,2.118,0.297
1031.53,2068.5,2.058,0.321
1034.7,2087.01,2.098,0.292
1038.46,1961.74,2.08,0.309
1044.54,2016.49,2.014,0.277
1044.61,2006.27,2.025,0.297
1047.13,2036.14,2.109,0.294
1055.83,2129.34,2.042,0.302
1068.72,2169.34,2.04,0.289
1068.87,2327.38,2.013,0.294
1070.07,2022.24,2.082,0.313
1072.18,2261.43,2.164,0.288
1097.55,2132.85,2.011,0.263
1113.51,2162.17,2.068,0.329
1119.79,2252.85,2.139,0.322
1121.83,2038.37,2.064,0.268
1129.96,2223.86,2.092,0.307
1143.67,2206.17,2.018,0.283
1145.66,2246.49,2.093,0.298
1150.43,2224.96,2.063,0.298
1150.65,2485.03,2.122,0.288
1155.74,2116.91,2.133,0.277
1155.92,2129.83,2.203,0.278
1159.05,2120.65,2.103,0.274
1159.69,2129.16,2.09,0.275
1159.8,2119.4,2.084,0.291
1163.33,2340.68,2.057,0.278
1164.04,2368.88,2.092,0.305
1170.91,2134.06,2.061,0.321
1175.12,2105.19,2.085,0.28
1176.13,2262.25,2.142,0.296
1178.56,2140.87,2.026,0.301
1181.84,2285.05,2.134,0.3
1190.09,2238.41,2.144,0.292
1194.52,2034.82,2.073,0.305
1200.36,2405.91,1.974,0.3
1203.97,2437.89,2.05,0.265
1208.18,2151.37,2.146,0.307
1209.69,2179.29,2.08,0.307
1213.07,2262.15,2.032,0.274
1238.47,2283.22,2.061,0.289
1240.44,2323.29,2.128,0.302
1251.76,2492.28,2.115,0.283
1253.22,2230.7,2.076,0.309
1272.63,2167.78,2.073,0.334
1278.38,2101.51,2.072,0.27
1281.26,2181.04,2.046,0.258
1281.3,2264.81,2.173,0.292
1291.71,2490.37,2.078,0.3
1301.84,2218.99,2.156,0.28
1306.11,2310.52,2.172,0.314
1309.95,2284,2.146,0.258
1311.29,2429.38,2.075,0.298
1314.2,2591.75,2.117,0.272
1317.08,2226.54,2.096,0.319
1322.21,2234.59,2.053,0.324
1323.3,2419.28,2.115,0.269
1325.68,2377.23,2.04,0.273
1326.65,2517.6,2.158,0.301
1328.53,2367.19,2.076,0.276
1334.47,2257.57,2.11,0.282
1335.05,2371.91,2.114,0.284
1335.33,2434.24,2.087,0.245
1343.61,2404.63,2.131,0.283
1348.22,2369.81,2.078,0.269
1348.57,2437.14,2.146,0.273
1357.05,2454.54,2.036,0.311
1372.88,2489.59,2.112,0.256
1379.59,2405.6,2.204,0.297
1383.58,2310.09,2.058,0.275
1385.08,2348.65,2.074,0.275
1389.17,2478.28,2.134,0.296
1396.17,2239.67,2.118,0.287
1397.21,2382.57,2.127,0.292
1401.22,2293.53,2.135,0.299
1415.39,2352.68,2.144,0.273
1415.5,2502.71,2.168,0.267
1425.61,2378.3,2.134,0.257
1428.03,2362.39,2.102,0.262
1429.38,2194.44,2.148,0.338
1434.82,2450.44,2.21,0.303
1436.11,2439.13,2.109,0.251
1445.74,2627.04,2.068,0.251
1456.09,2336.72,2.174,0.287
1456.58,2400.25,2.112,0.288
1459.18,2405.43,2.01,0.288
1464.74,2568.14,2.162,0.272
1465.94,2368.13,2.093,0.274
1467.38,2413.91,2.116,0.283
1469.99,2454.94,2.137,0.278
1472.75,2406.04,2.13,0.232
1484.18,2336.93,2.158,0.271
1486.34,2415.09,2.101,0.259
1488.87,2522.16,2.149,0.279
1497.13,2275.1,2.112,0.335
1502.48,2417.44,2.162,0.282
1502.74,2317.63,2.156,0.269
1507.21,2547.73,2.079,0.293
1512.13,2224.49,2.181,0.284
1513.36,2340.95,2.1,0.283
1514.04,2453.69,2.168,0.286
1519.47,2599.55,2.146,0.315
1528.37,2409.13,2.221,0.251
1529.43,2351.04,2.118,0.283
1529.72,2643.57,2.112,0.255
1530.74,2244.68,2.129,0.285
1533.55,2156.27,2.115,0.255
1536.23,2474.54,2.17,0.265
1537.03,2361.97,2.05,0.267
1538.93,2300.81,2.078,0.293
1540.27,2509.17,2.078,0.291
1554.52,2461.97,2.181,0.247
1566.37,2372.13,2.22,0.273
1571.14,2289.05,2.13,0.257
1575.11,2549.76,2.128,0.246
1577.6,2524.59,2.14,0.267
1583.27,2438.06,2.196,0.265
1585.28,2672.76,2.091,0.319
1587.35,2324,2.15,0.279
1599.36,2276.56,2.189,0.242
1600.16,2377.07,2.165,0.259
1602.74,2456.17,2.15,0.29
1616.34,2499.01,2.193,0.311
1619.28,2442.62,2.008,0.237
1621.53,2515.16,2.177,0.231
1624.09,2324.27,2.111,0.306
1633.36,2653.27,2.053,0.276
1643.76,2476.4,2.172,0.25
1665.36,2633.29,2.218,0.277
1671.01,2543.73,2.144,0.214
1671.07,2557.45,2.198,0.267
1676.77,2574.44,2.232,0.273
1679.84,2561.63,2.218,0.284
1688.54,2590.25,2.235,0.245
1698.77,2678.76,2.192,0.267
1702.06,2544.82,2.159,0.246
1707.42,2609.53,2.076,0.27
1725.68,2524.64,2.147,0.246
1730.47,2711.1,2.117,0.255
1737.08,2461.08,2.269,0.243
1738.79,2759.39,2.152,0.276
1741.33,2539.98,2.167,0.28
1744.53,2375.02,2.189,0.258
1755.06,2568.41,2.165,0.263
1756.18,2471.98,2.248,0.233
1763.71,2659.11,2.133,0.256
1778.03,2488.5,2.176,0.26
1783.94,2516.82,2.13,0.313
1784.58,2344,2.102,0.239
1788.6,2518.88,2.138,0.29
1794.05,2285.56,2.167,0.28
1817.28,2400.3,2.151,0.265
1821.36,2684.07,2.139,0.294
1829.65,2692.09,2.104,0.266
1845.44,2658.32,2.173,0.266
1849.84,2493.87,2.102,0.256
1851.48,2605.16,2.216,0.282
1860.1,2615.63,2.183,0.279
1863.59,2479.15,2.107,0.244
1870.08,2802.45,2.165,0.23
1874.92,2730.24,2.144,0.252
1877.01,2599.69,2.198,0.24
1877.59,2629.78,2.249,0.255
1881.61,2653.97,2.088,0.281
1889.11,2388.46,2.189,0.246
1901.21,2611.06,2.177,0.254
1901.34,2558.96,2.219,0.256
1912.73,2527.44,2.198,0.271
1915.25,2615.42,2.15,0.209
1920.21,2867.85,2.172,0.242
1922.15,2730.19,2.149,0.258
1922.99,2585.25,2.242,0.278
1950.5,2739.01,2.194,0.243
1963.87,2846.24,2.29,0.214
1983.34,2800.96,2.194,0.263
1991.88,2702.29,2.163,0.238
1993.86,2618.68,2.123,0.227
1995.44,2781.05,2.109,0.238
1995.84,2744.72,2.12,0.247
1995.87,2804.94,2.213,0.238
2000.49,2776.52,2.226,0.206
2002.96,2827.72,2.121,0.268
2005.95,2639.34,2.246,0.275
2014.13,2866.57,2.178,0.262
2018.85,2735.02,2.21,0.226
2030.99,2967.62,2.285,0.244
2035.42,2638.55,2.25,0.248
2035.58,2929.66,2.192,0.26
2035.75,2745.2,2.161,0.262
2037.39,2644.26,2.098,0.233
2038.5,2665.03,2.17,0.25
2045.75,2689.01,2.196,0.257
2048.26,2779.86,2.158,0.277
2055.06,2795.78,2.202,0.261
2058.85,2666.47,2.213,0.263
2067.45,2737.55,2.199,0.248
2069.8,2998.95,2.178,0.275
2071.13,2949.98,2.219,0.255
2072.77,2796.02,2.233,0.229
2080.26,2752.72,2.158,0.274
2081.23,2763.14,2.283,0.26
2089.39,2827.25,2.208,0.237
2097.4,2635.71,2.216,0.236
2099.22,2728.65,2.25,0.251
2104.27,2562.33,2.227,0.254
2104.65,2810.69,2.263,0.249
2105.22,2840.79,2.23,0.251
2112.86,2709.73,2.186,0.278
2114.79,2957.76,2.235,0.266
2116.11,2622.57,2.16,0.248
2116.24,2594.02,2.223,0.263
2121.82,2800.03,2.217,0.223
2122.79,2899.32,2.208,0.252
2134.42,2982.72,2.214,0.279
2142.12,2730.21,2.127,0.239
2148.85,2918.75,2.195,0.226
2151.85,2786.49,2.227,0.229
2153.73,2771.52,2.231,0.221
2153.84,2898.34,2.172,0.227
2157.17,2872.58,2.287,0.235
2166.31,2610.62,2.182,0.214
2167.58,2977.73,2.274,0.242
2171.57,2968.55,2.247,0.259
2180.4,2733.17,2.195,0.223
2185.51,2858.8,2.317,0.271
2193.45,2875.35,2.169,0.251
2193.65,2847.47,2.275,0.261
2193.76,2750.22,2.279,0.227
2197.03,2737.63,2.196,0.257
2205.19,2820.05,2.3,0.218
2209.51,2966.43,2.219,0.257
2217.5,2895.73,2.247,0.243
2219.45,2787.19,2.246,0.25
2220.64,2924.99,2.226,0.215
2230.03,2496.19,2.275,0.221
2237.72,2980.49,2.275,0.25
2239.7,2635.05,2.149,0.219
2243.04,2802.33,2.302,0.247
2243.96,2712.01,2.153,0.21
2249.21,2694.17,2.289,0.255
2249.36,2988.92,2.294,0.213
2255.7,2797.29,2.184,0.248
2265.7,2901,2.219,0.249
2267.04,2854.6,2.185,0.223
2282.28,2926.61,2.232,0.248
2294.82,2886.11,2.229,0.24
2301.06,2726.68,2.284,0.224
2301.74,3000.6,2.311,0.215
2304.57,2823.49,2.315,0.196
2307.87,2697.93,2.218,0.242
2315.08,2837.67,2.237,0.203
2319.17,3071.59,2.164,0.236
2323.12,2995.9,2.208,0.229
2328.77,2855.42,2.298,0.247
2334.21,2858.61,2.331,0.227
2345.89,2868.94,2.19,0.226
2354.31,3161.79,2.224,0.247
2354.4,2958.47,2.252,0.239
2355.44,2964.87,2.267,0.239
2358.04,3038.46,2.213,0.241
2363.81,2946.94,2.276,0.201
2365.61,2888.28,2.231,0.247
2368.02,2897.25,2.254,0.244
2380.17,2919.51,2.284,0.211
2383.79,2925.81,2.258,0.226
2384.03,3017.73,2.236,0.23
2390.04,2940.26,2.253,0.228
2394.69,3024.73,2.255,0.237
2396.82,2928.4,2.241,0.259
2402.77,2951.1,2.247,0.251
2411.7,2707.24,2.342,0.203
2414.7,3058.78,2.29,0.242
2424.4,2996.22,2.249,0.255
2442.81,3085.45,2.301,0.236
2444.39,2619.08,2.25,0.25
2445.39,3217.84,2.325,0.268
2449.8,2953.13,2.286,0.248
2457.78,3107.65,2.263,0.232
2461.95,2852.38,2.292,0.248
2465.24,3052.68,2.191,0.23
2466.3,2853.37,2.214,0.227
2466.82,2905.24,2.21,0.22
2472.99,3213.48,2.278,0.258
2479.28,2964.69,2.359,0.21
2482.61,3015.66,2.384,0.257
2491.61,3099.37,2.306,0.235
2491.96,3054.66,2.299,0.197
2492.11,3013.31,2.184,0.233
2499.29,3043.37,2.248,0.183
2499.52,3288.12,2.236,0.238
2500.22,2993.22,2.244,0.243
2507.24,3028.48,2.268,0.213
2510.42,3132.33,2.253,0.227
2512.03,3139.88,2.178,0.263
2515.74,3151.89,2.315,0.214
2522.15,3089.94,2.225,0.203
2528.85,2880.15,2.291,0.253
2529.45,3213.68,2.383,0.263
2530.21,2880.56,2.234,0.224
2534.32,3056.91,2.154,0.244
2536.12,2931.16,2.266,0.25
2543,3018.1,2.336,0.208
2545.76,3066.91,2.38,0.213
2547.61,3067.13,2.221,0.247
2550.75,3081.08,2.307,0.256
2551.93,3224.81,2.26,0.234
2551.94,3085.59,2.277,0.205
2552.44,3002.17,2.415,0.262
2558.62,3150.86,2.209,0.211
2563.82,3181.03,2.297,0.215
2567.85,2893.4,2.309,0.228
2568.35,3112.7,2.34,0.253
2581.46,3133.01,2.292,0.238
2582.53,3013.81,2.303,0.229
2586.03,3216.7,2.268,0.23
2587.56,3034.53,2.302,0.221
2590.99,3069.66,2.271,0.232
2598.43,3038.29,2.321,0.169
2599.62,3061.64,2.271,0.214
2601.37,2929.27,2.309,0.225
2614.38,2895.82,2.291,0.196
2616.05,3260.97,2.349,0.227
2617.36,2968.78,2.29,0.215
2625.25,2956.18,2.205,0.254
2647.57,2830.14,2.36,0.249
2651.84,3014.43,2.252,0.208
2656.94,2935.39,2.266,0.214
2657.78,3291.71,2.269,0.216
2666.96,3221.36,2.369,0.208
2670.83,3019.92,2.194,0.22
2677.53,3376.81,2.459,0.201
2686.85,3229.92,2.356,0.193
2691.14,3075.7,2.315,0.228
2702.71,2821.7,2.303,0.227
2703.22,3396.84,2.32,0.199
2704.94,2956.21,2.332,0.233
2706.45,2926.42,2.338,0.202
2726.38,3258.54,2.337,0.219
2732.45,3432.24,2.314,0.23
2741.94,3311.27,2.301,0.212
2747.88,3216.4,2.305,0.222
2752.72,3223,2.303,0.202
2754.69,3255.22,2.37,0.208
2777.06,3257.31,2.346,0.207
2779.2,3201.27,2.17,0.196
2782.99,3182.3,2.35,0.207
2791.1,3167.15,2.328,0.179
2798.21,3088.45,2.319,0.2
2799.1,3145.78,2.3,0.204
2799.32,2976.44,2.376,0.205
2801.77,3169.26,2.368,0.205
2802.11,3062.64,2.282,0.209
2803.21,3049.5,2.341,0.219
2807.74,3206.23,2.273,0.227
2818.83,3358.34,2.254,0.196
2822.77,3303.86,2.292,0.185
2824.81,3006.43,2.367,0.188
2826.92,3077.4,2.372,0.199
2829.45,3310.56,2.35,0.201
2831.12,3080.77,2.361,0.193
2839.66,3176.84,2.352,0.182
2842.09,3271.26,2.294,0.199
2846.89,3091.93,2.349,0.211
2863.11,3230.51,2.369,0.219
2867.32,3060.31,2.368,0.195
2867.73,3148.47,2.39,0.198
2872.65,3261.97,2.366,0.188
2894.14,3045.33,2.352,0.205
2902.9,3294.6,2.389,0.188
2903.69,3239.85,2.334,0.216
2916.59,3316.25,2.293,0.168
2917.52,3277.38,2.329,0.197
2918.06,3414.53,2.3,0.21
2926.45,3270.9,2.305,0.207
2929.58,3206.22,2.332,0.257
2931.94,3273.84,2.3,0.21
2936.93,3327.35,2.325,0.183
2941.38,3270.69,2.247,0.201
2953.53,3276.99,2.354,0.167
2964.69,3194.58,2.345,0.2
2976.04,3206.07,2.306,0.185
2977.43,3118.14,2.38,0.219
2988.59,3503.1,2.395,0.19
2994.49,3147.43,2.269,0.198
2996.88,3214.98,2.311,0.187
2998.64,3212.98,2.311,0.235
3002.51,3408.9,2.303,0.193
3003.06,3266.44,2.392,0.236
3005.63,3453.1,2.341,0.216
3014.93,3228.14,2.339,0.209
3015.94,3343.04,2.252,0.207
3021.88,3212.89,2.385,0.207
3025.84,3572.92,2.292,0.16
3030.44,3175.75,2.358,0.193
3032.79,3356.85,2.369,0.215
3034.43,3396.71,2.423,0.197
3043.49,3375.75,2.291,0.17
3052.9,3309.51,2.207,0.196
3055.1,3317.48,2.367,0.231
3057.97,3340.04,2.449,0.222
3058.4,3317.4,2.421,0.196
3061.71,3452.69,2.37,0.216
3087.5,3617.76,2.339,0.188
3089.5,3286.8,2.404,0.161
3091.47,3190.51,2.315,0.177
3095.32,3346.6,2.388,0.226
3096.52,3667.48,2.39,0.19
3100.37,3263.78,2.418,0.19
3100.66,3557.09,2.503,0.189
3111.77,3568.39,2.386,0.232
3116.83,3303.67,2.342,0.227
3119.73,3440.12,2.367,0.238
3130.51,3573.71,2.281,0.19
3145.43,3341.76,2.337,0.199
3151.45,3366.44,2.352,0.162
3164.96,3329.17,2.349,0.221
3167.23,3278.57,2.383,0.168
3168.99,3323.48,2.334,0.196
3176.74,3259.17,2.433,0.169
3186.4,3415.93,2.378,0.179
3189.5,3321.31,2.378,0.174
3190.99,3442.65,2.362,0.178
3191.31,3228.08,2.386,0.18
3193.38,3455.73,2.42,0.179
3199.32,3519.61,2.337,0.207
3203.27,3182.71,2.348,0.168
3207.67,3469.49,2.366,0.194
3218.68,3578.53,2.316,0.213
3223.75,3289.09,2.343,0.179
3224.5,3635.41,2.36,0.174
3234.5,3490.98,2.429,0.184
3237,3357.6,2.399,0.212
3239.39,3436.94,2.396,0.192
3242.08,3512.24,2.429,0.177
3243.17,3455.02,2.38,0.198
3246.98,3512.84,2.407,0.166
3249,3338.92,2.382,0.201
3249.95,3470.29,2.401,0.196
3251.69,3281.37,2.359,0.181
3260.56,3442.99,2.267,0.17
3260.96,3348.11,2.382,0.169
3264.49,3370.43,2.461,0.197
3267.15,3608.62,2.436,0.211
3267.57,3591.5,2.438,0.174
3271.07,3535.74,2.452,0.196
3275.57,3334.26,2.396,0.144
3277.43,3428.49,2.401,0.174
3278.03,3612.39,2.361,0.185
3281.16,3485.7,2.376,0.168
3293.97,3754.7,2.425,0.167
3296.35,3525.01,2.455,0.172
3299.02,3502.46,2.388,0.191
3299.27,3442.47,2.372,0.181
3314.51,3504.73,2.397,0.14
3323.51,3475.81,2.429,0.141
3330.95,3583.54,2.327,0.171
3338.15,3617.69,2.286,0.192
3349.44,3415.35,2.375,0.128
3352.12,3351.52,2.342,0.172
3361.4,3296.49,2.379,0.171
3375.22,3586.09,2.399,0.209
3376.37,3393.42,2.384,0.173
3387.26,3274.01,2.481,0.188
3393.49,3582.72,2.425,0.183
3404.43,3841.82,2.426,0.137
3406.11,3542.94,2.442,0.195
3411.99,3647.81,2.355,0.184
3416.12,3559.49,2.464,0.189
3419.39,3539.77,2.409,0.258
3429.07,3667.73,2.448,0.137
3433.13,3525.05,2.361,0.213
3440.73,3596.53,2.338,0.172
3449.89,3608.54,2.458,0.183
3456.34,3493.63,2.437,0.176
3459.26,3694.6,2.374,0.169
3465.65,3558.4,2.376,0.165
3468.75,3490.56,2.477,0.183
3470.95,3646.95,2.361,0.146
3471.4,3475.02,2.503,0.191
3474.94,3588.34,2.376,0.168
3480.97,3587.49,2.454,0.153
3492.27,3725.67,2.407,0.166
3494.89,3653.9,2.454,0.2
3500.64,3597.38,2.398,0.164
3512.78,3705.8,2.419,0.182
3513.22,3774.76,2.429,0.16
3514.94,3675.9,2.377,0.189
3515.49,3610.54,2.464,0.188
3515.62,3451.95,2.402,0.211
3516.01,3481.8,2.416,0.171
3553.99,3595.77,2.383,0.186
3554.49,3559.55,2.305,0.174
3556.43,3611.42,2.424,0.198
3565.52,3646.11,2.555,0.157
3566.54,3703.49,2.474,0.187
3567.58,3632.09,2.434,0.168
3570.02,3700.39,2.422,0.17
3573.58,3651.89,2.437,0.173
3575.61,3408.31,2.464,0.176
3580.88,3535.81,2.378,0.169
3584.57,3633.45,2.493,0.175
3586.07,3506.48,2.474,0.202
3587.32,3724.38,2.474,0.19
3589.56,3837.43,2.46,0.188
3592.22,3801.59,2.44,0.161
3592.31,3629.78,2.472,0.153
3593.59,3835.04,2.469,0.189
3594,3674.24,2.421,0.188
3599.29,3619.12,2.411,0.199
3603.32,3588.38,2.446,0.158
3606.65,3627.69,2.518,0.165
3609.57,3619.16,2.379,0.137
3615.08,3689.5,2.369,0.161
3621.43,3692.12,2.451,0.189
3626.14,3676.05,2.446,0.159
3626.26,3728.19,2.453,0.181
3630.1,3820.94,2.457,0.165
3630.56,3792.29,2.433,0.175
3634.89,3502.74,2.52,0.145
3637.65,3376.12,2.366,0.17
3638.38,3795.15,2.404,0.108
3641.82,3521.06,2.441,0.164
3648.16,3661.93,2.365,0.135
3657.3,3553.97,2.44,0.191
3663.71,3481.99,2.533,0.182
3687.45,3777.44,2.454,0.175
3691.4,3805.94,2.465,0.196
3693.87,3647.14,2.391,0.146
3702.54,3410.6,2.425,0.2
3710.02,3660.46,2.438,0.183
3716.86,3777.13,2.442,0.159
3721.04,3555.15,2.522,0.187
3721.64,3754.99,2.486,0.142
3722.31,3731.55,2.403,0.147
3726.49,3805.41,2.471,0.152
3731.87,3753.47,2.485,0.153
3734.28,3623.8,2.517,0.142
3747.81,3892.28,2.541,0.187
3750.08,3731.03,2.412,0.157
3756.44,3750.59,2.423,0.169
3761.02,3644.62,2.401,0.151
3762.34,3704.21,2.453,0.125
3763.91,3652.17,2.488,0.167
3764.81,3738.13,2.514,0.124
3768.79,3966.68,2.462,0.16
3774.49,3600.07,2.45,0.134
3781.82,3575.47,2.475,0.201
3791.63,3951.52,2.427,0.179
3791.77,3749.94,2.573,0.163
3798.1,3698.57,2.389,0.185
3800.61,3905.15,2.479,0.143
3801.71,3708.35,2.571,0.171
3802.74,4000.77,2.471,0.164
3804.13,3863.83,2.461,0.165
3804.9,3724.39,2.453,0.185
3805.32,4042.07,2.462,0.174
3818.02,3718.12,2.541,0.165
3818.5,3880.15,2.362,0.126
3821.72,3828.95,2.55,0.14
3846.7,3964.23,2.406,0.155
3850.58,3997.73,2.464,0.159
3851.67,3814.84,2.456,0.135
3852.46,3721.07,2.507,0.206
3854.73,3868.03,2.398,0.188
3856.3,3732.45,2.502,0.169
3861.86,4058.72,2.58,0.158
3864.25,3834.93,2.411,0.153
3868.29,3777.13,2.49,0.138
3878.75,3849.41,2.449,0.158
3879.41,3665.99,2.503,0.161
3879.86,3711.32,2.483,0.131
3881.02,3972.66,2.45,0.163
3881.14,3749.86,2.507,0.153
3881.16,3703.07,2.572,0.118
3888.54,3897.52,2.474,0.138
3893.39,3978.32,2.52,0.147
3898.86,3925.59,2.42,0.193
3904.62,3962.3,2.438,0.166
3921.13,3761.86,2.512,0.127
3930.4,3687.62,2.564,0.163
3943.32,4046.15,2.509,0.122
3944.7,3828.1,2.476,0.174
3945.53,3837.22,2.492,0.143
3946.74,4027.42,2.429,0.151
3947.23,3935.08,2.522,0.179
3948.2,3923.63,2.536,0.127
3949.74,4129.64,2.47,0.125
3960.34,3798.98,2.471,0.14
3960.71,3987.77,2.507,0.173
3962.5,3884.34,2.473,0.121
3972.21,3915.56,2.493,0.095
3986.72,4075.45,2.603,0.142
3998.88,3960.27,2.487,0.161
