Depth,Density,Porosity,Vp,Lithology
50,1.832335708,0.351588475,2672.929753,Sand
54.39377086,1.801245851,0.335844468,2289.811845,Sand
58.78754171,1.841202558,0.343783113,2178.986993,Sand
63.18131257,1.88562869,0.368274962,2007.118937,Sand
67.57508343,1.798428594,0.34602635,1926.607291,Sand
71.96885428,1.79908848,0.342632277,1980.360354,Sand
76.36262514,1.890415035,0.314006334,2483.562265,Sand
80.756396,1.850485196,0.35562917,2419.328658,Sand
85.15016685,1.789298806,0.353115156,1960.060692,Sand
89.54393771,1.840559593,0.38297267,2439.23636,Sand
93.93770857,1.790919772,0.333054842,2226.376547,Sand
98.33147942,1.791463234,0.343096973,2335.334131,Sand
102.7252503,1.827506901,0.343205926,2659.672944,Sand
107.1190211,1.720403841,0.369272329,2381.41769,Sand
111.512792,1.730481027,0.335323089,2226.940189,Sand
115.9065628,1.789271608,0.342315889,2138.091,Sand
120.3003337,1.767403494,0.348400571,1858.938774,Sand
124.6941046,1.834416482,0.339482726,2219.553534,Sand
129.0878754,1.773961978,0.326330494,2301.735272,Sand
133.4816463,1.749407062,0.338650308,2104.878116,Sand
137.8754171,1.893963751,0.355751203,2360.142451,Sand
142.269188,1.810051563,0.313259039,2422.255061,Sand
146.6629588,1.825375854,0.335960232,2331.406798,Sand
151.0567297,1.7514211,0.31881063,2224.149141,Sand
155.4505006,1.796098439,0.356226901,2351.426183,Sand
159.8442714,1.82952277,0.301375866,2545.161178,Sand
164.2380423,1.767086027,0.320175513,2153.780805,Sand
168.6318131,1.844079673,0.338413245,2681.802812,Sand
173.025584,1.795921903,0.361695256,2297.444735,Sand
177.4193548,1.812028216,0.328586246,2402.671619,Sand
181.8131257,1.797186638,0.318314444,2551.851183,Sand
186.2068966,1.920544944,0.366559466,2461.684388,Sand
190.6006674,1.827915239,0.299494642,2668.330634,Sand
194.9944383,1.776363619,0.283998101,2527.516189,Sand
199.3882091,1.871035477,0.336294513,2321.384806,Sand
203.78198,1.769525114,0.316973846,2476.242293,Sand
208.1757508,1.841669542,0.306111681,2257.27248,Sand
212.5695217,1.733901922,0.340225575,2355.924042,Sand
216.9632925,1.766135191,0.330457268,2375.525595,Sand
221.3570634,1.843046621,0.313823187,2437.98179,Sand
225.7508343,1.870785954,0.299022875,2508.326012,Sand
230.1446051,1.843090105,0.341603009,2052.98302,Sand
234.538376,1.829398342,0.336683481,2321.129757,Sand
238.9321468,1.820784637,0.321222229,2476.11152,Sand
243.3259177,1.762572788,0.359665469,2368.694122,Sand
247.7196885,1.801165743,0.300858708,2282.311963,Sand
252.1134594,1.81478508,0.291278266,2773.681176,Sand
256.5072303,1.891332196,0.307479664,2378.775797,Sand
260.9010011,1.856316065,0.319935851,2695.613191,Sand
265.294772,1.751642208,0.325244794,2495.439914,Sand
269.6885428,1.85665748,0.315084405,2387.724838,Sand
274.0823137,1.821858233,0.326482041,2824.034071,Sand
278.4760845,1.807925313,0.293942637,2286.813261,Sand
282.8698554,1.873014293,0.347381894,2657.200394,Sand
287.2636263,1.89463952,0.316397438,2755.391379,Sand
291.6573971,1.890312616,0.33992092,2373.278648,Sand
296.051168,1.802446799,0.323964734,2750.151733,Sand
300.4449388,1.829606122,0.325781194,2442.380169,Sand
304.8387097,1.862288978,0.327578058,2575.317017,Sand
309.2324805,1.895162128,0.324674145,2604.385269,Sand
313.6262514,1.823085226,0.328112367,2463.55745,Sand
318.0200222,1.838420055,0.341379576,2640.950559,Sand
322.4137931,1.79304532,0.318266239,2650.049799,Sand
326.807564,1.789210803,0.328055854,2121.635078,Sand
331.2013348,1.890306491,0.311621702,2848.590638,Sand
335.5951057,1.918151267,0.34176007,2219.85954,Sand
339.9888765,1.847397825,0.29897186,2790.477107,Sand
344.3826474,1.901834042,0.348061166,2757.315518,Sand
348.7764182,1.870398264,0.310782518,2365.826139,Sand
353.1701891,1.820719541,0.282514164,2521.28656,Sand
357.56396,1.871704374,0.31323641,2364.288121,Sand
361.9577308,1.931195488,0.296598611,2625.9496,Sand
366.3515017,1.853161423,0.326578503,2487.576176,Sand
370.7452725,1.933843974,0.296259805,2832.934838,Sand
375.1390434,1.725283601,0.299935932,2767.500192,Sand
379.5328142,1.898025047,0.270616764,2984.04296,Sand
383.9265851,1.861941341,0.298910092,2509.655234,Sand
388.320356,1.843297686,0.259027933,2647.730122,Sand
392.7141268,1.863495158,0.275377423,2338.982118,Sand
397.1078977,1.760187739,0.321814391,2341.612134,Sand
401.5016685,1.849241656,0.321873378,2769.517897,Sand
405.8954394,1.878739944,0.314218459,2941.208867,Sand
410.2892102,1.935438084,0.285922373,2475.809472,Sand
414.6829811,1.836288936,0.303860913,2491.62626,Sand
419.0767519,1.822436833,0.304296987,2595.520393,Sand
423.4705228,1.838432726,0.280756294,2719.348139,Sand
427.8642937,1.90994975,0.333546756,2455.66416,Sand
432.2580645,1.881276265,0.320581889,2708.024282,Sand
436.6518354,1.839009765,0.298171863,2542.087318,Sand
441.0456062,1.891820213,0.302686016,2669.821049,Sand
445.4393771,1.871669784,0.305873755,2762.108792,Sand
449.8331479,1.915907222,0.260429849,2783.050421,Sand
454.2269188,1.833031383,0.295880093,2559.923894,Sand
458.6206897,1.852409996,0.286743695,2661.69106,Sand
463.0144605,1.849846761,0.279911363,2680.190768,Sand
467.4082314,1.796935487,0.293882784,2556.225554,Sand
471.8020022,1.885576314,0.33502019,2569.742661,Sand
476.1957731,1.88448213,0.311445627,2990.141347,Sand
480.5895439,1.872344104,0.286768142,2824.876616,Sand
484.9833148,1.861018141,0.309206968,2602.294502,Sand
489.3770857,1.802638026,0.325306651,2724.514252,Sand
493.7708565,1.853033362,0.315377083,2581.17114,Sand
498.1646274,1.857588968,0.297642521,2924.309837,Sand
502.5583982,1.835269896,0.283077318,2777.524758,Sand
506.9521691,1.86797854,0.309547295,2657.999114,Sand
511.3459399,1.896904434,0.303019946,2807.834605,Sand
515.7397108,1.971670252,0.312622145,2447.360508,Sand
520.1334816,1.886748913,0.306990391,2482.144944,Sand
524.5272525,1.891556607,0.314847315,2459.482007,Sand
528.9210234,1.875615858,0.282721492,2780.990935,Sand
533.3147942,1.784058658,0.319344643,2955.049517,Sand
537.7085651,1.879330591,0.296519948,3179.309746,Sand
542.1023359,1.884326861,0.333644994,2793.043122,Sand
546.4961068,2.005136522,0.277928469,2976.318839,Sand
550.8898776,1.873015433,0.326004575,2316.725577,Sand
555.2836485,1.898369914,0.294817213,2653.696934,Sand
559.6774194,1.882216024,0.27740496,2629.212601,Sand
564.0711902,1.826176777,0.280330549,2614.553518,Sand
568.4649611,1.942410885,0.283176887,2795.025147,Sand
572.8587319,1.923525461,0.297643341,2692.830811,Sand
577.2525028,1.926139473,0.299193541,2393.016036,Sand
581.6462736,1.841777568,0.276840259,2918.311352,Sand
586.0400445,1.958045722,0.287405214,2628.701571,Sand
590.4338154,1.818472519,0.330316378,2696.254922,Sand
594.8275862,1.918566993,0.321601115,3163.36445,Sand
599.2213571,1.999405985,0.295356621,2684.467441,Sand
603.6151279,1.841015453,0.286970729,2254.982476,Sand
608.0088988,1.862886448,0.288192412,2721.52883,Sand
612.4026696,1.896842969,0.297643883,3009.820138,Sand
616.7964405,1.867345683,0.264500023,3226.623856,Sand
621.1902113,1.81564536,0.279391305,2520.537885,Sand
625.5839822,1.897265746,0.250750727,2991.001377,Sand
629.9777531,1.841381477,0.291691052,2674.647637,Sand
634.3715239,1.91883535,0.296235299,2802.030926,Sand
638.7652948,1.849843583,0.273213049,3345.576615,Sand
643.1590656,1.97397058,0.313942518,2536.592802,Sand
647.5528365,1.857970261,0.25753408,2910.587683,Sand
651.9466073,1.881688915,0.252349111,2985.359509,Sand
656.3403782,1.939126918,0.285713465,3090.836096,Sand
660.7341491,1.837566907,0.301754817,2782.58101,Sand
665.1279199,1.911142185,0.31408043,2861.439747,Sand
669.5216908,1.965785391,0.270813818,2854.383978,Sand
673.9154616,1.820713158,0.301155347,2812.434497,Sand
678.3092325,1.910978078,0.278402388,2810.32477,Sand
682.7030033,1.91539959,0.275311438,3015.632977,Sand
687.0967742,1.94215566,0.296029206,2800.002113,Sand
691.4905451,1.841876046,0.290995086,2881.825071,Sand
695.8843159,1.838359817,0.246014002,2890.337876,Silt
700.2780868,1.931138791,0.306666465,3076.955006,Sand
704.6718576,1.920550012,0.304331892,2840.300596,Sand
709.0656285,1.918884487,0.263813811,2578.312851,Sand
713.4593993,1.92434132,0.283836729,3152.259538,Sand
717.8531702,1.873676739,0.285397447,2677.711939,Sand
722.246941,1.919949726,0.280327095,2777.900488,Sand
726.6407119,1.92364973,0.263704883,2828.362187,Sand
731.0344828,1.873937602,0.260876474,3190.905442,Sand
735.4282536,2.003602964,0.273396404,2570.211673,Sand
739.8220245,1.93466495,0.296961197,3525.252488,Sand
744.2157953,1.852067194,0.283978338,3071.43792,Sand
748.6095662,1.945119115,0.265294352,3019.320112,Sand
753.003337,1.864216417,0.287741501,2856.713333,Sand
757.3971079,1.952963796,0.214938148,3144.043821,Silt
761.7908788,1.972198411,0.29448637,3050.085001,Sand
766.1846496,1.873893582,0.236319419,3115.229934,Silt
770.5784205,1.96375557,0.263468096,3117.536209,Sand
774.9721913,1.936884875,0.247927318,3036.552715,Silt
779.3659622,1.958007902,0.244031467,3006.495281,Silt
783.759733,2.012403609,0.292746592,2964.430886,Sand
788.1535039,1.90595362,0.25978157,2939.110202,Sand
792.5472747,1.881195283,0.275671787,3155.895037,Sand
796.9410456,1.875065435,0.267409989,3062.108342,Sand
801.3348165,1.879409708,0.277496485,2341.25796,Sand
805.7285873,1.917004203,0.269099948,3110.020774,Sand
810.1223582,1.938575952,0.241512081,3092.857253,Silt
814.516129,1.936011959,0.286706251,2960.364991,Sand
818.9098999,1.964195647,0.256515344,2971.968078,Sand
823.3036707,1.924145645,0.234868971,3288.383321,Silt
827.6974416,1.99683132,0.257049009,3269.490796,Sand
832.0912125,1.91158084,0.295237781,2783.468304,Sand
836.4849833,2.061481206,0.281838862,3168.808689,Sand
840.8787542,1.957415181,0.257473794,2861.180462,Sand
845.272525,1.883933001,0.25707466,2724.236963,Sand
849.6662959,1.873905319,0.257240657,2869.099275,Sand
854.0600667,1.952232631,0.304822427,3137.055986,Sand
858.4538376,1.917594936,0.27054085,3198.691561,Sand
862.8476085,1.965127166,0.271118212,3150.190958,Sand
867.2413793,1.953748088,0.282738849,3162.884758,Sand
871.6351502,1.927103827,0.266525326,3134.849156,Sand
876.028921,1.889064652,0.256185625,2896.201505,Sand
880.4226919,1.856321043,0.257056956,3085.581045,Sand
884.8164627,1.910396722,0.259169973,3200.949213,Sand
889.2102336,1.976201475,0.259476158,3246.39327,Sand
893.6040044,1.944745288,0.274392356,3280.956595,Sand
897.9977753,1.872412727,0.260498403,3157.392811,Sand
902.3915462,1.944017778,0.273732563,3119.473666,Sand
906.785317,1.955283667,0.257086262,3308.155648,Sand
911.1790879,1.892483991,0.259894684,3035.601026,Sand
915.5728587,1.945022184,0.217979908,2993.026717,Silt
919.9666296,1.94090543,0.275892969,3020.304991,Sand
924.3604004,1.881505545,0.264119232,2882.601684,Sand
928.7541713,1.957202494,0.276773263,2934.432317,Sand
933.1479422,1.968011418,0.198512103,3208.36996,Silt
937.541713,1.994783819,0.297829404,2904.209291,Sand
941.9354839,1.993980425,0.252895366,3092.962593,Sand
946.3292547,1.87306592,0.277476612,2632.574131,Sand
950.7230256,1.895717202,0.234141182,3161.383955,Silt
955.1167964,1.969019283,0.26682167,3114.883259,Sand
959.5105673,1.969615883,0.233125319,3021.730683,Silt
963.9043382,1.970338035,0.241346234,3303.769697,Silt
968.298109,2.137881291,0.291730767,3395.336391,Sand
972.6918799,1.974448308,0.249265563,2843.130674,Silt
977.0856507,2.00334113,0.257057483,3022.264373,Sand
981.4794216,1.994922001,0.269740336,2991.516112,Sand
985.8731924,1.980450541,0.261883316,2964.137096,Sand
990.2669633,1.932776582,0.254609294,3297.057823,Sand
994.6607341,1.987147571,0.258531914,3130.685442,Sand
999.054505,1.911216915,0.298933322,2977.636623,Sand
1003.448276,1.938676311,0.249345489,2753.546564,Silt
1007.842047,1.92690813,0.254153237,3265.008863,Sand
1012.235818,1.95592908,0.270778273,2882.67653,Sand
1016.629588,2.068227367,0.271510167,3233.525838,Sand
1021.023359,1.859790244,0.272775254,3110.371091,Sand
1025.41713,1.988125579,0.261444786,3454.992889,Sand
1029.810901,1.873835842,0.225446149,2904.298835,Silt
1034.204672,1.931534107,0.280611478,2500.624703,Sand
1038.598443,2.010237296,0.22465307,3318.812671,Silt
1042.992214,1.959662833,0.25327035,3547.087132,Sand
1047.385984,1.903220659,0.231770316,3435.256757,Silt
1051.779755,1.922001778,0.245211788,3220.177583,Silt
1056.173526,1.992405916,0.252709054,3123.883504,Sand
1060.567297,1.922566763,0.252200728,3331.416851,Sand
1064.961068,1.97056709,0.253852305,3013.016462,Sand
1069.354839,1.962681818,0.277328948,3252.372016,Sand
1073.74861,1.928482274,0.253766766,3280.595484,Sand
1078.14238,2.068918562,0.23945483,3535.152598,Silt
1082.536151,1.994076374,0.263262113,3770.190571,Sand
1086.929922,1.861782359,0.26741271,3185.241614,Sand
1091.323693,1.97302127,0.218714597,3193.989313,Silt
1095.717464,1.931268296,0.254858729,3187.612795,Sand
1100.111235,2.007638352,0.256578678,2899.204885,Sand
1104.505006,1.926049714,0.236248969,3092.10221,Silt
1108.898776,1.960597994,0.269359911,3113.241351,Sand
1113.292547,1.992243246,0.238490717,3179.971011,Silt
1117.686318,2.010940707,0.24364993,3322.53547,Silt
1122.080089,1.908297193,0.237324054,3060.753712,Silt
1126.47386,1.952246017,0.240744678,3480.397907,Silt
1130.867631,1.945882879,0.218155717,3298.956861,Silt
1135.261402,1.937622749,0.210928838,3307.5373,Silt
1139.655172,2.059220988,0.271269108,3223.052735,Sand
1144.048943,1.991856427,0.222089444,3366.773756,Silt
1148.442714,1.909222209,0.218851001,3443.761047,Silt
1152.836485,2.01881857,0.195261735,3242.807234,Silt
1157.230256,2.079692348,0.225201503,3276.065729,Silt
1161.624027,2.025866867,0.211170653,3334.581399,Silt
1166.017798,1.898934171,0.270124972,2909.333887,Sand
1170.411568,1.951350032,0.25713374,3085.207914,Sand
1174.805339,2.039566358,0.222827629,3295.636857,Silt
1179.19911,1.941496393,0.281293098,3373.008221,Sand
1183.592881,1.999729904,0.255533943,3351.384031,Sand
1187.986652,2.0169297,0.229056764,3406.940206,Silt
1192.380423,1.93251054,0.185220541,3561.175197,Silt
1196.774194,1.976539861,0.280683274,3210.455499,Sand
1201.167964,1.818111828,0.206729245,3339.824721,Silt
1205.561735,1.929614878,0.201269494,3343.845605,Silt
1209.955506,1.968864918,0.254286155,3345.565399,Sand
1214.349277,1.919763232,0.282287573,3083.293275,Sand
1218.743048,2.064432022,0.26083626,2873.355494,Sand
1223.136819,1.911963454,0.244087766,3248.42149,Silt
1227.53059,1.962127364,0.244363949,3602.041974,Silt
1231.92436,1.991325683,0.249196951,3519.064341,Silt
1236.318131,2.057511384,0.246967487,3586.944508,Silt
1240.711902,1.914313678,0.237073517,3548.957194,Silt
1245.105673,2.044924039,0.233194979,3434.344194,Silt
1249.499444,1.98793657,0.22952086,3420.470344,Silt
1253.893215,1.93900855,0.21535569,3249.301009,Silt
1258.286986,2.011848222,0.224484235,3352.267728,Silt
1262.680756,1.999355098,0.195901848,3588.443067,Silt
1267.074527,1.960050335,0.227457932,3614.146008,Silt
1271.468298,1.994210349,0.209317135,3411.725732,Silt
1275.862069,1.972113631,0.206681895,3339.806502,Silt
1280.25584,1.997714243,0.232016779,3402.396932,Silt
1284.649611,2.025803975,0.255924647,3499.825003,Sand
1289.043382,2.072657348,0.246117127,3150.54669,Silt
1293.437152,1.932124798,0.196007466,2970.511008,Silt
1297.830923,2.101326307,0.207292085,3435.068059,Silt
1302.224694,1.897729314,0.245567729,3064.240324,Silt
1306.618465,1.988403515,0.206770701,3359.524449,Silt
1311.012236,2.026067696,0.221596416,3434.712603,Silt
1315.406007,2.011360494,0.236759235,3334.163847,Silt
1319.799778,1.966834991,0.206060903,3743.71956,Silt
1324.193548,1.98822292,0.227205385,3496.032649,Silt
1328.587319,1.974638051,0.19808793,3540.781845,Silt
1332.98109,1.970478926,0.212412134,3575.788955,Silt
1337.374861,2.043086334,0.230506654,3248.114052,Silt
1341.768632,2.019116069,0.19192315,3744.330091,Silt
1346.162403,1.967278881,0.232265009,3401.83767,Silt
1350.556174,2.04756342,0.222735727,3637.009109,Silt
1354.949944,2.018607468,0.23385173,3245.781035,Silt
1359.343715,2.044544663,0.226954139,3186.581929,Silt
1363.737486,2.036042065,0.249433067,3611.787941,Silt
1368.131257,1.963769938,0.224329627,3518.517355,Silt
1372.525028,1.977869702,0.212912381,3299.575705,Silt
1376.918799,2.0439025,0.223622272,3340.096118,Silt
1381.31257,2.037715399,0.231718587,3720.609643,Silt
1385.70634,2.006810871,0.221506606,3255.97691,Silt
1390.100111,2.014381386,0.22101849,3832.062786,Silt
1394.493882,2.073057327,0.205844546,3403.328953,Silt
1398.887653,1.980254579,0.206304556,3638.605527,Silt
1403.281424,2.037847083,0.191189135,3524.144554,Silt
1407.675195,2.001041647,0.253911912,3558.252096,Sand
1412.068966,2.000926285,0.193722719,3451.714169,Silt
1416.462736,2.067408253,0.204421954,3562.401755,Silt
1420.856507,2.054399294,0.203592456,3597.032262,Silt
1425.250278,2.054463024,0.2355401,3327.202895,Silt
1429.644049,2.079720548,0.211424096,3746.879545,Silt
1434.03782,2.016155865,0.241959875,3386.784921,Silt
1438.431591,2.049862387,0.20321763,3550.793621,Silt
1442.825362,2.000910466,0.2219502,3323.653316,Silt
1447.219132,2.033291187,0.199346713,3083.804271,Silt
1451.612903,2.011234783,0.258640439,3424.469139,Sand
1456.006674,2.023250799,0.191669752,4091.388225,Silt
1460.400445,2.048817918,0.221302861,3729.609737,Silt
1464.794216,1.978808098,0.227467172,3503.136588,Silt
1469.187987,2.124997562,0.222753265,3583.426146,Silt
1473.581758,1.970736395,0.210457638,3544.316072,Silt
1477.975528,1.960986899,0.211253545,3642.491568,Silt
1482.369299,2.080260939,0.214413216,3388.641336,Silt
1486.76307,2.062597595,0.210284431,3844.431396,Silt
1491.156841,2.054879517,0.232189995,3717.293991,Silt
1495.550612,2.055749867,0.256811272,3671.944863,Sand
1499.944383,2.024379319,0.201139831,3704.885571,Silt
1504.338154,1.980788004,0.184582917,3621.990793,Silt
1508.731924,2.030100017,0.209903101,3744.085214,Silt
1513.125695,1.993110769,0.262953147,3594.820564,Sand
1517.519466,2.076383907,0.194976141,3610.85838,Silt
1521.913237,2.020934116,0.243523094,3428.128693,Silt
1526.307008,1.987671191,0.243986351,3538.319714,Silt
1530.700779,2.013535825,0.199052598,3940.94796,Silt
1535.094549,2.050910755,0.221196504,3371.570911,Silt
1539.48832,2.00273702,0.242077704,3248.222147,Silt
1543.882091,1.990471294,0.201620595,3648.417267,Silt
1548.275862,2.04442574,0.20482537,3665.032909,Silt
1552.669633,2.045148773,0.196957635,3708.473862,Silt
1557.063404,2.008212352,0.187990841,3713.616881,Silt
1561.457175,2.010666661,0.194995595,3610.775993,Silt
1565.850945,2.046480139,0.183197956,4008.271454,Silt
1570.244716,1.96313249,0.208054492,3276.363042,Silt
1574.638487,1.965822584,0.191669864,3468.402027,Silt
1579.032258,2.000932628,0.211441997,3604.63051,Silt
1583.426029,2.026841547,0.17534576,3392.199573,Silt
1587.8198,2.053718348,0.212779114,3634.937449,Silt
1592.213571,2.112599846,0.222530368,4032.641318,Silt
1596.607341,2.082374082,0.165683796,3796.673377,Silt
1601.001112,2.03215324,0.212738801,3706.985838,Silt
1605.394883,2.039858422,0.229510652,3384.069411,Silt
1609.788654,1.99134183,0.180464493,3574.745389,Silt
1614.182425,2.041201707,0.237809241,3550.813062,Silt
1618.576196,2.028353497,0.212439092,3605.407312,Silt
1622.969967,2.059581423,0.189659831,3998.456215,Silt
1627.363737,2.002743013,0.20234648,3785.457905,Silt
1631.757508,2.070730952,0.21433063,3484.686416,Silt
1636.151279,2.122059638,0.204386865,3819.865703,Silt
1640.54505,2.04064375,0.213344978,3789.796424,Silt
1644.938821,2.066826409,0.183859921,4000.734385,Silt
1649.332592,2.081907088,0.205364579,4060.504205,Silt
1653.726363,2.027997931,0.173407475,3564.800374,Silt
1658.120133,2.059922644,0.199162079,3582.314536,Silt
1662.513904,2.050006706,0.183013714,3519.970707,Silt
1666.907675,2.054919956,0.186086966,3725.102665,Silt
1671.301446,2.012044728,0.225225558,3755.237209,Silt
1675.695217,2.052579791,0.222036456,3900.874955,Silt
1680.088988,2.076913263,0.212100005,3730.193789,Silt
1684.482759,2.125229594,0.177778404,3791.347017,Silt
1688.876529,2.101295021,0.193004336,3838.70486,Silt
1693.2703,2.161649668,0.223302733,3631.647869,Silt
1697.664071,2.016282233,0.201583817,4146.364339,Silt
1702.057842,2.098924708,0.244845196,3389.151874,Silt
1706.451613,2.065134842,0.206034514,3800.857929,Silt
1710.845384,2.166116954,0.201719117,4260.683803,Silt
1715.239155,2.016870959,0.191406207,3761.187815,Silt
1719.632925,2.015958847,0.19997018,3706.598665,Silt
1724.026696,2.028634372,0.193961214,3697.912003,Silt
1728.420467,1.953068284,0.210884456,3641.65966,Silt
1732.814238,2.033634385,0.215568422,4010.028902,Silt
1737.208009,2.022624568,0.180427101,3357.197876,Silt
1741.60178,2.068759956,0.169235167,4168.18544,Silt
1745.995551,2.078987131,0.158849074,3608.297458,Silt
1750.389321,2.15636694,0.205446783,3811.103114,Silt
1754.783092,2.110738656,0.172933818,3809.74426,Silt
1759.176863,2.035031347,0.151657951,3997.925948,Silt
1763.570634,2.019614862,0.202202364,3449.80467,Silt
1767.964405,2.089790619,0.24400623,3837.033212,Silt
1772.358176,1.999842066,0.193740685,4180.669114,Silt
1776.751947,2.15808573,0.210348198,3599.188556,Silt
1781.145717,2.126143864,0.194931664,3917.680428,Silt
1785.539488,2.044372141,0.191034393,3692.356185,Silt
1789.933259,1.982833262,0.211111238,3823.18153,Silt
1794.32703,2.136842673,0.186642154,3916.615603,Silt
1798.720801,2.064081128,0.197513841,3707.172319,Silt
1803.114572,2.132358001,0.198318712,3988.692176,Silt
1807.508343,1.991404868,0.17824212,4182.014282,Silt
1811.902113,2.041816566,0.211164361,3760.085041,Silt
1816.295884,2.072706568,0.187544313,4016.805747,Silt
1820.689655,2.075452478,0.175649009,3642.823165,Silt
1825.083426,2.05125924,0.201214923,3642.340327,Silt
1829.477197,2.105564076,0.172236588,4032.145658,Silt
1833.870968,2.021699624,0.190491201,4133.523083,Silt
1838.264739,2.068620737,0.189467236,3950.043631,Silt
1842.658509,2.082413558,0.211089971,3786.734403,Silt
1847.05228,2.102779784,0.198588875,3893.135726,Silt
1851.446051,2.113297652,0.188317627,3674.78895,Silt
1855.839822,2.022143869,0.204897154,3942.327746,Silt
1860.233593,2.00232933,0.216070044,3962.330144,Silt
1864.627364,2.143577946,0.199146569,3844.92757,Silt
1869.021135,2.096968871,0.187922288,3829.134772,Silt
1873.414905,2.043587909,0.161203786,3989.687344,Silt
1877.808676,2.1592289,0.165863915,3934.996549,Silt
1882.202447,2.088114099,0.180787773,3925.010678,Silt
1886.596218,2.141954292,0.174428503,4416.608517,Silt
1890.989989,2.087024422,0.182606201,3889.59599,Silt
1895.38376,2.18734496,0.187205905,3941.026383,Silt
1899.777531,2.172733672,0.196394441,3855.756213,Silt
1904.171301,2.073177488,0.184118687,4081.645791,Silt
1908.565072,2.134863308,0.194987171,3926.810513,Silt
1912.958843,2.119212624,0.186275499,3840.719799,Silt
1917.352614,2.15603447,0.145205949,4349.088052,Silt
1921.746385,2.040015785,0.165658239,4237.664582,Silt
1926.140156,2.123223596,0.181293257,3871.591744,Silt
1930.533927,2.142501313,0.15971157,3679.590277,Silt
1934.927697,2.00230218,0.19563489,4073.031321,Silt
1939.321468,2.031735295,0.213982577,3724.089997,Silt
1943.715239,1.989595677,0.207474436,4001.081934,Silt
1948.10901,2.07874601,0.178562372,3580.716706,Silt
1952.502781,2.12875253,0.212378175,4128.266809,Silt
1956.896552,2.168652335,0.185269817,3796.28578,Silt
1961.290323,2.097898287,0.175287954,4150.66974,Silt
1965.684093,2.176283391,0.169495216,4084.30135,Silt
1970.077864,2.026506607,0.175447862,3761.568396,Silt
1974.471635,2.011001623,0.173468095,3865.140828,Silt
1978.865406,2.094052426,0.18437472,4131.075436,Silt
1983.259177,2.116692149,0.183913027,4036.662061,Silt
1987.652948,2.096513205,0.180498008,4125.688913,Silt
1992.046719,1.995434903,0.188911778,4309.040514,Silt
1996.440489,2.095010071,0.203722254,3653.579521,Silt
2000.83426,2.034901664,0.19863711,4254.590182,Silt
2005.228031,2.134267832,0.149685153,4132.051966,Silt
2009.621802,2.119773183,0.128042159,3965.750499,Silt
2014.015573,2.055108347,0.197544834,3691.343628,Silt
2018.409344,2.077068056,0.151259099,4032.357775,Silt
2022.803115,2.050459791,0.173839985,4190.699753,Silt
2027.196885,2.100945578,0.154672036,4062.220698,Silt
2031.590656,2.152495714,0.141774073,4459.633806,Silt
2035.984427,2.056111362,0.188382703,3699.479203,Silt
2040.378198,2.131259055,0.192476698,4041.862977,Silt
2044.771969,2.080202914,0.165503915,3809.538994,Silt
2049.16574,2.067731219,0.124954184,4206.502427,Silt
2053.559511,2.102682409,0.165591428,4260.476256,Silt
2057.953281,2.056930876,0.184094062,3927.976187,Silt
2062.347052,2.081669593,0.146421794,3589.057547,Silt
2066.740823,2.050117229,0.179409644,4061.108618,Silt
2071.134594,2.208906446,0.175179046,4246.79553,Silt
2075.528365,2.113092432,0.186814248,4143.021421,Silt
2079.922136,2.077002045,0.177363575,4301.984206,Silt
2084.315907,2.123346382,0.155254514,3924.546885,Silt
2088.709677,2.107690049,0.198391623,4178.637821,Silt
2093.103448,2.102917037,0.171034276,4334.62865,Silt
2097.497219,2.145332918,0.173403825,3772.2395,Silt
2101.89099,2.153159034,0.155029977,4237.532232,Silt
2106.284761,2.089417657,0.164575485,4005.318045,Silt
2110.678532,2.087810868,0.155491242,4109.368795,Silt
2115.072303,2.103508261,0.169474912,4182.435463,Silt
2119.466073,2.002823853,0.206914911,3862.663192,Silt
2123.859844,2.042819424,0.144989997,3983.449836,Silt
2128.253615,2.187581756,0.13990444,4254.039176,Silt
2132.647386,2.202145494,0.201347093,3921.161454,Silt
2137.041157,2.108104372,0.167485599,3916.571968,Silt
2141.434928,2.150043087,0.158039373,4324.691338,Silt
2145.828699,2.137436813,0.191968044,3883.751775,Silt
2150.222469,2.276477411,0.158807129,4426.963653,Silt
2154.61624,2.179171182,0.20718949,4214.245968,Silt
2159.010011,2.117455622,0.183978036,3776.253088,Silt
2163.403782,2.076733545,0.160411878,4003.092419,Silt
2167.797553,2.044847317,0.213067223,4249.243819,Silt
2172.191324,2.13600188,0.157558078,4000.767036,Silt
2176.585095,2.088670227,0.184265965,4015.474455,Silt
2180.978865,2.056034144,0.175161954,4195.502905,Silt
2185.372636,2.095477251,0.194963336,4254.356813,Silt
2189.766407,2.074387561,0.199911504,4023.239107,Silt
2194.160178,2.213481108,0.169074495,4129.629964,Silt
2198.553949,2.17386508,0.153119548,4536.45931,Silt
2202.94772,2.130043526,0.177141202,4519.300981,Silt
2207.341491,2.205098431,0.154141666,4475.971917,Silt
2211.735261,2.135628705,0.207718292,4137.171165,Silt
2216.129032,2.089355145,0.169936187,3999.636017,Silt
2220.522803,2.209234624,0.159654341,4114.303818,Silt
2224.916574,2.160682988,0.170410028,4327.1791,Silt
2229.310345,2.082534244,0.139529904,4308.233439,Silt
2233.704116,2.125538683,0.146796513,4527.380108,Silt
2238.097887,2.09193377,0.189993793,4266.50818,Silt
2242.491657,2.067233762,0.152604707,3893.456531,Silt
2246.885428,2.183341692,0.144561805,4516.070523,Silt
2251.279199,2.233162712,0.175990868,4085.703828,Silt
2255.67297,2.068422567,0.188730038,4053.887505,Silt
2260.066741,2.167158473,0.179153517,4281.49983,Silt
2264.460512,2.107136948,0.184454254,4574.610855,Silt
2268.854283,2.115971873,0.149156601,4877.760577,Silt
2273.248053,2.111367512,0.135615845,4403.155764,Silt
2277.641824,2.098446735,0.193838638,4121.025884,Silt
2282.035595,2.144731421,0.157118626,4377.670371,Silt
2286.429366,2.101416899,0.158316172,4413.889881,Silt
2290.823137,2.157146312,0.189657674,4156.762058,Silt
2295.216908,2.141770631,0.173979701,4601.629519,Silt
2299.610679,2.132994199,0.171734515,4288.706889,Silt
2304.004449,2.100222484,0.205678813,4250.771648,Silt
2308.39822,2.117421167,0.149270758,4413.6192,Silt
2312.791991,2.18468836,0.180460628,4358.821948,Silt
2317.185762,2.172623724,0.162807139,4470.584258,Silt
2321.579533,2.099359168,0.16680212,4115.380177,Silt
2325.973304,2.153862611,0.191763386,4123.486947,Silt
2330.367075,2.187124417,0.171114823,4085.659287,Silt
2334.760845,2.066743863,0.171488464,4299.174916,Silt
2339.154616,2.178041202,0.181937469,4437.838095,Silt
2343.548387,2.11840107,0.152953391,4386.497679,Silt
2347.942158,2.180721257,0.14323372,4701.773347,Silt
2352.335929,2.114687431,0.138887541,4324.257218,Silt
2356.7297,2.06326535,0.120222746,4457.952938,Silt
2361.123471,2.072791399,0.200440516,3955.685993,Silt
2365.517241,2.157231834,0.137019044,4293.637783,Silt
2369.911012,2.168472777,0.154425318,4486.981745,Silt
2374.304783,2.110929886,0.153081644,4476.983913,Silt
2378.698554,2.188734406,0.164533903,4290.345461,Silt
2383.092325,2.074387846,0.174468713,4226.108394,Silt
2387.486096,2.154818924,0.175131978,4002.508092,Silt
2391.879867,2.09823117,0.146029837,4250.247343,Silt
2396.273637,2.12684924,0.154118167,4509.083874,Silt
2400.667408,2.162470045,0.162881754,4459.653977,Silt
2405.061179,2.117738509,0.152026223,4433.308213,Silt
2409.45495,2.142190465,0.188917185,4291.545711,Silt
2413.848721,2.212391949,0.166360336,4386.914751,Silt
2418.242492,2.13389178,0.171009292,4183.976107,Silt
2422.636263,2.205180045,0.169340597,4518.810284,Silt
2427.030033,2.107569162,0.179324018,4367.819902,Silt
2431.423804,2.19120378,0.159246876,4491.727323,Silt
2435.817575,2.237451067,0.129462044,4387.320342,Silt
2440.211346,2.042449477,0.163165013,3841.087779,Silt
2444.605117,2.126846005,0.14191702,4603.836376,Silt
2448.998888,2.19620344,0.144145061,4342.304471,Silt
2453.392659,2.157856629,0.166218243,4193.329259,Silt
2457.786429,2.187225258,0.179030524,4505.086799,Silt
2462.1802,2.139127771,0.154464525,4301.27876,Silt
2466.573971,2.174315585,0.159990314,4611.403499,Silt
2470.967742,2.1628613,0.187632844,4461.005187,Silt
2475.361513,2.22969333,0.158178829,4589.327779,Silt
2479.755284,2.184684335,0.205172977,4052.063542,Silt
2484.149055,2.189502491,0.164225385,4656.029452,Silt
2488.542825,2.152687575,0.117476143,4532.573576,Shale
2492.936596,2.149560178,0.167534764,4306.485145,Silt
2497.330367,2.152971646,0.15986796,4429.717311,Silt
2501.724138,2.194981228,0.177817034,4046.13835,Silt
2506.117909,2.154868462,0.165263119,4478.769839,Silt
2510.51168,2.191065495,0.148808211,4255.66868,Silt
2514.905451,2.281005858,0.12686953,4309.47484,Silt
2519.299221,2.221451118,0.146953518,4190.361555,Silt
2523.692992,2.162252772,0.133902386,4698.750915,Silt
2528.086763,2.239273711,0.139081463,4404.255422,Silt
2532.480534,2.159468311,0.16224296,4729.322592,Silt
2536.874305,2.078624919,0.183649264,4210.565697,Silt
2541.268076,2.130785896,0.157924709,4072.068552,Silt
2545.661846,2.088309681,0.125894044,4222.951877,Silt
2550.055617,2.164932668,0.158484506,4692.172817,Silt
2554.449388,2.184088327,0.173306151,4402.148357,Silt
2558.843159,2.267648339,0.136959253,4465.848603,Silt
2563.23693,2.200831908,0.146256276,4538.098777,Silt
2567.630701,2.174189579,0.149012412,4582.261806,Silt
2572.024472,2.22727395,0.13280303,4782.907547,Silt
2576.418242,2.075905971,0.161249271,4673.777027,Silt
2580.812013,2.19890253,0.145647683,4444.360137,Silt
2585.205784,2.226324127,0.156240597,4254.492042,Silt
2589.599555,2.114510621,0.129883723,4402.907751,Silt
2593.993326,2.246286701,0.138668336,4628.144785,Silt
2598.387097,2.206682885,0.161649381,4308.328018,Silt
2602.780868,2.169652734,0.139529659,4326.901208,Silt
2607.174638,2.222715289,0.181310481,4548.613628,Silt
2611.568409,2.305269904,0.138563678,4624.299142,Silt
2615.96218,2.20148764,0.150835609,4535.655602,Silt
2620.355951,2.205464422,0.164779557,4355.326928,Silt
2624.749722,2.170744413,0.117546565,4530.272091,Shale
2629.143493,2.151879305,0.110484156,4393.1746,Shale
2633.537264,2.23654738,0.11497397,4817.452004,Shale
2637.931034,2.152885464,0.170525856,4671.065147,Silt
2642.324805,2.199927033,0.134024399,4208.050138,Silt
2646.718576,2.173124914,0.196013248,4248.60241,Silt
2651.112347,2.221615843,0.13335232,4301.949591,Silt
2655.506118,2.215009023,0.148116619,4439.072864,Silt
2659.899889,2.250861981,0.175056423,4529.829078,Silt
2664.29366,2.174143229,0.184125021,4179.711693,Silt
2668.68743,2.186809368,0.185022484,4296.243022,Silt
2673.081201,2.152023994,0.167749294,4289.177854,Silt
2677.474972,2.179406583,0.163853085,4563.757545,Silt
2681.868743,2.221145336,0.155012546,4589.88129,Silt
2686.262514,2.240788808,0.158519709,4443.001627,Silt
2690.656285,2.157490177,0.131719559,4612.310968,Silt
2695.050056,2.247737804,0.126170388,4553.543483,Silt
2699.443826,2.272698467,0.142258275,4598.977497,Silt
2703.837597,2.226247385,0.138713776,4960.563333,Silt
2708.231368,2.300074496,0.132844916,4967.400797,Silt
2712.625139,2.168204311,0.155629538,4290.963208,Silt
2717.01891,2.145320101,0.16060051,4691.21289,Silt
2721.412681,2.11927589,0.143055464,4704.436702,Silt
2725.806452,2.283673183,0.170631152,4391.507457,Silt
2730.200222,2.242248316,0.118040294,4859.593728,Shale
2734.593993,2.207409865,0.136794715,4940.681242,Silt
2738.987764,2.224846596,0.126125588,4446.509798,Silt
2743.381535,2.155232778,0.102925733,4480.863113,Shale
2747.775306,2.334453895,0.138397584,4942.965425,Silt
2752.169077,2.219286421,0.13741128,4706.207085,Silt
2756.562848,2.218954167,0.169910557,4699.575182,Silt
2760.956618,2.250431824,0.152053428,4720.930417,Silt
2765.350389,2.23885302,0.118749389,4790.933055,Shale
2769.74416,2.226655825,0.176111207,4325.654317,Silt
2774.137931,2.176596967,0.163246557,4788.730759,Silt
2778.531702,2.240353173,0.150264663,4892.790232,Silt
2782.925473,2.311540046,0.13389015,4705.328871,Silt
2787.319244,2.285368889,0.119028468,4753.934332,Shale
2791.713014,2.298416284,0.130570833,4446.397668,Silt
2796.106785,2.193855234,0.159587954,4716.423302,Silt
2800.500556,2.170594842,0.175303016,4680.581664,Silt
2804.894327,2.214444803,0.168274764,4605.504708,Silt
2809.288098,2.22417946,0.127431803,4934.923494,Silt
2813.681869,2.276761856,0.114615635,4713.57189,Shale
2818.07564,2.138088114,0.139625195,4734.986671,Silt
2822.46941,2.299847928,0.101238462,4626.950196,Shale
2826.863181,2.216129082,0.142870677,4678.569391,Silt
2831.256952,2.203344489,0.133255636,4660.047639,Silt
2835.650723,2.17474239,0.126687615,4732.870699,Silt
2840.044494,2.14326384,0.103915233,4636.901916,Shale
2844.438265,2.267824269,0.145882537,4702.86278,Silt
2848.832036,2.230990704,0.12475805,4909.785119,Silt
2853.225806,2.163485826,0.111815552,4631.740193,Shale
2857.619577,2.163888998,0.077570756,4469.226012,Shale
2862.013348,2.212512767,0.134268104,5068.598795,Silt
2866.407119,2.313412144,0.170066125,5006.732552,Silt
2870.80089,2.217640566,0.167649257,4402.841934,Silt
2875.194661,2.156122051,0.125085415,4837.785168,Silt
2879.588432,2.219651112,0.121986655,4658.905684,Silt
2883.982202,2.218961152,0.143210225,4771.835236,Silt
2888.375973,2.098412064,0.113671161,4743.257738,Shale
2892.769744,2.231200718,0.139479125,4694.782611,Silt
2897.163515,2.223027801,0.148569596,4562.828024,Silt
2901.557286,2.270043911,0.157591644,4603.678002,Silt
2905.951057,2.328340463,0.130855173,4661.294276,Silt
2910.344828,2.292879976,0.128590339,4656.965758,Silt
2914.738598,2.223766355,0.114910006,4784.600573,Shale
2919.132369,2.18254356,0.115738179,4622.885914,Shale
2923.52614,2.367196911,0.12755262,5029.178386,Silt
2927.919911,2.242148908,0.139236203,5069.447897,Silt
2932.313682,2.240543517,0.149967564,4635.877246,Silt
2936.707453,2.239299864,0.115439553,4870.466156,Shale
2941.101224,2.251069422,0.161164446,4843.124401,Silt
2945.494994,2.234606229,0.125696027,4897.990379,Silt
2949.888765,2.213800214,0.130499259,4795.165966,Silt
2954.282536,2.215799433,0.115790758,4962.164036,Shale
2958.676307,2.242163783,0.082058853,5001.268894,Shale
2963.070078,2.217289273,0.148033513,4508.073954,Silt
2967.463849,2.209477288,0.14489871,4932.093933,Silt
2971.85762,2.251100154,0.124344787,5012.763289,Silt
2976.25139,2.233688848,0.131120937,4657.802818,Silt
2980.645161,2.322296424,0.13990997,4873.991863,Silt
2985.038932,2.115207349,0.098150609,4923.553819,Shale
2989.432703,2.302990248,0.118631091,4856.926874,Shale
2993.826474,2.311378231,0.144908334,5070.17741,Silt
2998.220245,2.146063525,0.103748424,5281.060617,Shale
3002.614016,2.233257723,0.13451682,4661.94374,Silt
3007.007786,2.232479125,0.10132575,4611.32755,Shale
3011.401557,2.181334649,0.137597986,4837.4764,Silt
3015.795328,2.213478465,0.127368832,4969.834805,Silt
3020.189099,2.197499573,0.095591576,4832.756691,Shale
3024.58287,2.341300953,0.151001824,5176.438969,Silt
3028.976641,2.301130416,0.112828304,4664.91255,Shale
3033.370412,2.318583316,0.111128458,5091.215708,Shale
3037.764182,2.291748231,0.131158536,4772.567858,Silt
3042.157953,2.199871104,0.149933817,5129.199603,Silt
3046.551724,2.230756745,0.106458824,5298.121854,Shale
3050.945495,2.282110552,0.127823319,4747.277783,Silt
3055.339266,2.197194499,0.134980786,4711.08616,Silt
3059.733037,2.294609877,0.140081573,5063.282156,Silt
3064.126808,2.247602751,0.129563567,4800.005021,Silt
3068.520578,2.241537046,0.118509725,4888.24029,Shale
3072.914349,2.296485151,0.109114293,4967.785828,Shale
3077.30812,2.283809384,0.127205061,4535.087626,Silt
3081.701891,2.244206975,0.103855757,4933.907651,Shale
3086.095662,2.320880839,0.066688151,4937.040211,Shale
3090.489433,2.209520249,0.133663249,4755.958797,Silt
3094.883204,2.295029261,0.142827909,5196.023913,Silt
3099.276974,2.294546609,0.077307991,4789.286111,Shale
3103.670745,2.25007329,0.10418972,5116.522677,Shale
3108.064516,2.282516329,0.13658538,4861.888426,Silt
3112.458287,2.204313064,0.165170432,4744.632525,Silt
3116.852058,2.31372916,0.124254891,5130.65916,Silt
3121.245829,2.258941767,0.109097717,5029.715736,Shale
3125.6396,2.242709789,0.119818872,5044.036447,Shale
3130.03337,2.321955467,0.150793618,5127.634091,Silt
3134.427141,2.234946887,0.11019636,4881.959397,Shale
3138.820912,2.200400072,0.106951622,4807.262015,Shale
3143.214683,2.193650744,0.113100673,4697.617953,Shale
3147.608454,2.302441766,0.103509316,4858.417746,Shale
3152.002225,2.208778866,0.124849903,5498.343507,Silt
3156.395996,2.361199108,0.154710936,5222.310928,Silt
3160.789766,2.170021995,0.128500085,4605.276412,Silt
3165.183537,2.359600349,0.116812824,4788.673162,Shale
3169.577308,2.28598747,0.115845324,5095.218924,Shale
3173.971079,2.271260006,0.090239651,5150.364311,Shale
3178.36485,2.249508773,0.13898784,5038.427016,Silt
3182.758621,2.297370599,0.119591338,4957.377817,Shale
3187.152392,2.276191124,0.117361181,4973.43112,Shale
3191.546162,2.333897018,0.184655888,4978.309441,Silt
3195.939933,2.285102372,0.126592011,5009.640438,Silt
3200.333704,2.287565144,0.105404607,4595.58305,Shale
3204.727475,2.262528511,0.111737009,4963.42535,Shale
3209.121246,2.278520906,0.143057066,4791.894053,Silt
3213.515017,2.297417341,0.122177809,5056.729549,Silt
3217.908788,2.197177898,0.090971347,5603.596698,Shale
3222.302558,2.215936113,0.137946248,5003.734262,Silt
3226.696329,2.321167654,0.106023807,5018.198369,Shale
3231.0901,2.293206787,0.15667792,5144.22395,Silt
3235.483871,2.276123414,0.140638457,5077.449718,Silt
3239.877642,2.286903343,0.109916844,5137.63447,Shale
3244.271413,2.304019797,0.14430965,5122.529503,Silt
3248.665184,2.260311794,0.119872729,5429.011799,Shale
3253.058954,2.249043607,0.135397643,4754.097285,Silt
3257.452725,2.298410172,0.12786363,5132.198928,Silt
3261.846496,2.240358336,0.101068898,4861.980544,Shale
3266.240267,2.310348678,0.104952345,5209.220942,Shale
3270.634038,2.205465925,0.138250121,4766.515618,Silt
3275.027809,2.342711953,0.110783214,5034.146457,Shale
3279.42158,2.315543111,0.109233819,5042.601815,Shale
3283.81535,2.305373789,0.098032656,5313.686273,Shale
3288.209121,2.342365917,0.12543566,5279.637776,Silt
3292.602892,2.377164156,0.158042999,4812.063588,Silt
3296.996663,2.345268003,0.095270914,5174.857394,Shale
3301.390434,2.203164854,0.116935283,4867.579605,Shale
3305.784205,2.231888782,0.144524877,4728.230812,Silt
3310.177976,2.265285767,0.11451746,5025.897069,Shale
3314.571746,2.298490314,0.124987794,5015.863153,Silt
3318.965517,2.323727779,0.094522807,5646.659217,Shale
3323.359288,2.262216703,0.124167387,5142.046126,Silt
3327.753059,2.308501297,0.111689175,4844.551023,Shale
3332.14683,2.262052878,0.134977723,4926.020153,Silt
3336.540601,2.2699052,0.138842155,5244.44087,Silt
3340.934372,2.230807101,0.166717264,5373.460331,Silt
3345.328142,2.255637559,0.126350458,4741.809354,Silt
3349.721913,2.234874057,0.121105771,4679.535975,Silt
3354.115684,2.25432369,0.118309826,5453.501745,Shale
3358.509455,2.356458508,0.107191355,5263.812604,Shale
3362.903226,2.256965539,0.120857144,4907.941532,Silt
3367.296997,2.436713653,0.10801247,5360.649997,Shale
3371.690768,2.33041951,0.117122993,4625.954535,Shale
3376.084538,2.315654487,0.139939244,5098.970927,Silt
3380.478309,2.264153857,0.093290205,5218.593897,Shale
3384.87208,2.342746306,0.136052633,5317.869054,Silt
3389.265851,2.279607986,0.139431613,4875.603484,Silt
3393.659622,2.315149434,0.110562432,5184.327888,Shale
3398.053393,2.437712236,0.070321439,5163.274021,Shale
3402.447164,2.30556408,0.100437073,5236.122167,Shale
3406.840934,2.368489806,0.138368621,4983.089899,Silt
3411.234705,2.276526385,0.111806827,5062.728108,Shale
3415.628476,2.310594847,0.092113843,5014.462198,Shale
3420.022247,2.401543369,0.101840329,5399.794633,Shale
3424.416018,2.28231405,0.128584408,5295.022258,Silt
3428.809789,2.404943896,0.122543098,5189.230679,Silt
3433.20356,2.350368131,0.106666444,5234.531351,Shale
3437.59733,2.287516261,0.103945496,4894.962132,Shale
3441.991101,2.347919052,0.103283958,5177.026657,Shale
3446.384872,2.365585453,0.092508292,5265.241778,Shale
3450.778643,2.348707295,0.143101623,5687.388394,Silt
3455.172414,2.239764626,0.104185551,4934.150643,Shale
3459.566185,2.282578069,0.134813219,5425.011177,Silt
3463.959956,2.307218062,0.140734694,5342.052789,Silt
3468.353726,2.316531387,0.130113153,5230.138321,Silt
3472.747497,2.351945729,0.101353327,5614.222526,Shale
3477.141268,2.33045624,0.117899368,5289.272111,Shale
3481.535039,2.255463038,0.109180124,5252.763045,Shale
3485.92881,2.341899214,0.091429504,5271.593519,Shale
3490.322581,2.354077674,0.115830466,5490.508532,Shale
3494.716352,2.352196975,0.085602459,5526.676321,Shale
3499.110122,2.378905555,0.132777051,5111.900959,Silt
3503.503893,2.367221692,0.099571559,5032.887132,Shale
3507.897664,2.349143654,0.112727774,5218.001846,Shale
3512.291435,2.32333543,0.114211247,5077.612998,Shale
3516.685206,2.244454734,0.103208532,5186.452933,Shale
3521.078977,2.349642757,0.119961881,5499.925456,Shale
3525.472747,2.339205296,0.098571539,5198.044478,Shale
3529.866518,2.34305892,0.125337396,5233.127579,Silt
3534.260289,2.266301615,0.080833926,5283.534161,Shale
3538.65406,2.276745282,0.110123412,5394.028015,Shale
3543.047831,2.384114817,0.146216932,4791.308822,Silt
3547.441602,2.330138483,0.087274487,5196.686714,Shale
3551.835373,2.366850341,0.093569206,5379.699822,Shale
3556.229143,2.33485029,0.117245485,5507.14254,Shale
3560.622914,2.335581244,0.110402415,5185.653425,Shale
3565.016685,2.381666693,0.113667062,4941.698701,Shale
3569.410456,2.309609332,0.116282111,5380.711806,Shale
3573.804227,2.340876673,0.119036936,5151.837525,Shale
3578.197998,2.313615935,0.128380869,5003.116477,Silt
3582.591769,2.315663954,0.114227839,5148.761468,Shale
3586.985539,2.322589225,0.101051134,5271.255364,Shale
3591.37931,2.349813585,0.119172809,5175.383903,Shale
3595.773081,2.315428531,0.143564249,4781.564965,Silt
3600.166852,2.402812834,0.102759436,5556.244745,Shale
3604.560623,2.295953728,0.085767253,5582.939859,Shale
3608.954394,2.331999577,0.127245405,5406.785885,Silt
3613.348165,2.320015672,0.102542347,5091.399607,Shale
3617.741935,2.415010185,0.061342983,5439.669035,Shale
3622.135706,2.353148095,0.121591437,5311.312763,Silt
3626.529477,2.395571649,0.093783292,5524.567298,Shale
3630.923248,2.270360469,0.102526268,5423.457886,Shale
3635.317019,2.358650066,0.110823841,5199.627823,Shale
3639.71079,2.390438158,0.107841752,5396.892607,Shale
3644.104561,2.350729884,0.118068543,5422.365639,Shale
3648.498331,2.400548768,0.095017749,5710.666979,Shale
3652.892102,2.322069393,0.113837786,5462.616512,Shale
3657.285873,2.419060253,0.098233151,5590.964761,Shale
3661.679644,2.464196853,0.118048931,5449.032731,Shale
3666.073415,2.331769084,0.11542893,5616.293286,Shale
3670.467186,2.328294952,0.084261886,5478.34506,Shale
3674.860957,2.423898367,0.124539603,5222.73848,Silt
3679.254727,2.430866816,0.091950213,5749.019858,Shale
3683.648498,2.326404273,0.118680379,5473.532414,Shale
3688.042269,2.332197,0.10971493,5270.544296,Shale
3692.43604,2.339776176,0.138983039,5213.417894,Silt
3696.829811,2.287301946,0.097600445,5412.053662,Shale
3701.223582,2.30925094,0.094934048,5470.903764,Shale
3705.617353,2.305635565,0.10138283,5404.571657,Shale
3710.011123,2.31811179,0.095558682,5451.640477,Shale
3714.404894,2.35542649,0.11747239,5718.030824,Shale
3718.798665,2.369530536,0.068998831,5703.214597,Shale
3723.192436,2.43600389,0.080103104,5560.639484,Shale
3727.586207,2.309220229,0.07967262,5612.844784,Shale
3731.979978,2.409013117,0.119886973,5220.119754,Shale
3736.373749,2.34975662,0.134945447,5431.32406,Silt
3740.767519,2.358641942,0.098496771,5796.241794,Shale
3745.16129,2.395515168,0.097062112,5425.775507,Shale
3749.555061,2.306297158,0.101692596,5221.858786,Shale
3753.948832,2.382212812,0.12338234,5280.957091,Silt
3758.342603,2.372074001,0.081451147,5271.83586,Shale
3762.736374,2.389033019,0.104619241,5302.677377,Shale
3767.130145,2.379527954,0.119209678,5351.379473,Shale
3771.523915,2.488493594,0.109581688,5253.432445,Shale
3775.917686,2.334500654,0.103205729,5429.863343,Shale
3780.311457,2.340496871,0.119289525,5582.460756,Shale
3784.705228,2.336548758,0.045058675,5368.393556,Shale
3789.098999,2.340590994,0.112535759,5724.717461,Shale
3793.49277,2.337154559,0.085751882,5576.473962,Shale
3797.886541,2.429133808,0.062076094,5804.0029,Shale
3802.280311,2.441367259,0.108768371,5385.358342,Shale
3806.674082,2.342463798,0.125873268,5577.133996,Silt
3811.067853,2.330042399,0.095507117,5241.273618,Shale
3815.461624,2.395890021,0.117169778,5649.698935,Shale
3819.855395,2.345367157,0.130214263,5442.146304,Silt
3824.249166,2.405283966,0.124123608,5581.179699,Silt
3828.642937,2.384442592,0.130481441,5208.658032,Silt
3833.036707,2.2991683,0.11238174,5235.379215,Shale
3837.430478,2.452989832,0.098905113,5686.48557,Shale
3841.824249,2.466067521,0.065214582,5457.849801,Shale
3846.21802,2.346293268,0.092190316,5593.026053,Shale
3850.611791,2.358206691,0.080104509,5263.295847,Shale
3855.005562,2.392544104,0.140246379,5616.180704,Silt
3859.399333,2.395632739,0.0931681,5299.304929,Shale
3863.793103,2.412496179,0.099008411,5660.715972,Shale
3868.186874,2.480738258,0.107432728,5715.763463,Shale
3872.580645,2.372039735,0.097133981,5387.557849,Shale
3876.974416,2.3416313,0.130022072,5555.850859,Silt
3881.368187,2.313239267,0.083527389,5564.446,Shale
3885.761958,2.346317792,0.099732057,5401.278924,Shale
3890.155729,2.381867011,0.080850232,5376.175644,Shale
3894.549499,2.473910318,0.069159136,5285.014545,Shale
3898.94327,2.358960926,0.083184351,5630.096011,Shale
3903.337041,2.396689954,0.094539348,5257.314937,Shale
3907.730812,2.385338477,0.086554595,5598.868918,Shale
3912.124583,2.446238351,0.08115298,5589.269827,Shale
3916.518354,2.513824374,0.066736014,5863.327038,Shale
3920.912125,2.36159338,0.093061419,5495.29004,Shale
3925.305895,2.364323912,0.064490494,5551.772122,Shale
3929.699666,2.441662994,0.109647594,5738.229148,Shale
3934.093437,2.42420859,0.095957045,5674.920449,Shale
3938.487208,2.483108447,0.065019198,5782.771877,Shale
3942.880979,2.420628556,0.087848227,5720.388496,Shale
3947.27475,2.374126608,0.078851662,5302.848387,Shale
3951.668521,2.42228302,0.100140864,5759.903536,Shale
3956.062291,2.448844523,0.120429167,5714.348418,Silt
3960.456062,2.435092518,0.055979694,5509.051639,Shale
3964.849833,2.420091177,0.095646851,5574.873045,Shale
3969.243604,2.448720275,0.090007059,5652.646807,Shale
3973.637375,2.454510386,0.106500102,5607.891172,Shale
3978.031146,2.465812621,0.097201019,5731.83874,Shale
3982.424917,2.429799232,0.077761685,5964.044323,Shale
3986.818687,2.389666899,0.086284176,5847.609725,Shale
3991.212458,2.406017553,0.076609121,5403.879437,Shale
3995.606229,2.459666383,0.113914362,5761.682118,Shale
4000,2.359153216,0.092685231,5867.738774,Shale
